{"count":1,"self":717.94662399999993,"total":14700.980401899998,"children":{"InitializeActuators":{"count":4440,"self":0.0071652999999999994,"total":0.0071652999999999994,"children":null},"InitializeSensors":{"count":4440,"self":0.0071604999999999993,"total":0.0071604999999999993,"children":null},"AgentSendState":{"count":442617,"self":22.4396096,"total":865.2395573,"children":{"CollectObservations":{"count":30010988,"self":737.886976,"total":737.88699009999993,"children":null},"WriteActionMask":{"count":30010988,"self":2.7378476,"total":2.7378476,"children":null},"RequestDecision":{"count":30010988,"self":19.3400192,"total":102.1751108,"children":{"AgentInfo.ToProto":{"count":30010988,"self":13.2655,"total":82.8350918,"children":{"GenerateSensorData":{"count":30010988,"self":69.56959359999999,"total":69.5695915,"children":null}}}}}}},"DecideAction":{"count":442617,"self":12967.4665984,"total":12967.4665622,"children":null},"AgentAct":{"count":442617,"self":150.2746496,"total":150.27465519999998,"children":null},"AgentInfo.ToProto":{"count":8922,"self":0.0096049,"total":0.0386959,"children":{"GenerateSensorData":{"count":8922,"self":0.029091,"total":0.029091,"children":null}}}},"gauges":{"CarDrive.CumulativeReward":{"count":8350,"max":116.610474,"min":-2004.65759,"runningAverage":-20.2572556,"value":-1.30962229,"weightedAverage":28.3039837}},"metadata":{"timer_format_version":"0.1.0","start_time_seconds":"1722172122","unity_version":"2022.3.4f1","command_line_arguments":"C:\\Program Files\\Unity\\Hub\\Editor\\2022.3.4f1\\Editor\\Unity.exe -projectpath C:\\Users\\ban60\\Unity\\cAr-drIve -useHub -hubIPC -cloudEnvironment production","communication_protocol_version":"1.5.0","com.unity.ml-agents_version":"2.3.0-exp.4","scene_name":"Default 1 Leaning","end_time_seconds":"1722186823"}}