{"count":1,"self":4172.1171968,"total":4801.5132996,"children":{"InitializeActuators":{"count":132,"self":0.0016815999999999999,"total":0.0016815999999999999,"children":null},"InitializeSensors":{"count":132,"self":0.0010102,"total":0.0010102,"children":null},"AgentSendState":{"count":180004,"self":4.5055692,"total":448.3293172,"children":{"CollectObservations":{"count":3960088,"self":441.6864768,"total":441.68646359999997,"children":null},"WriteActionMask":{"count":3960088,"self":0.481031,"total":0.481031,"children":null},"RequestDecision":{"count":3960088,"self":1.6562534999999998,"total":1.6562534999999998,"children":null}}},"DecideAction":{"count":180004,"self":154.90694399999998,"total":154.90693969999998,"children":null},"AgentAct":{"count":180004,"self":26.157086399999997,"total":26.157086099999997,"children":null}},"gauges":{"CarDrive.CumulativeReward":{"count":80,"max":-10,"min":-3858.31616,"runningAverage":-1266.93481,"value":-10,"weightedAverage":-1491.41931}},"metadata":{"timer_format_version":"0.1.0","start_time_seconds":"1745546076","unity_version":"2022.3.4f1","command_line_arguments":"C:\\Program Files\\Unity\\Hub\\Editor\\2022.3.4f1\\Editor\\Unity.exe -projectpath C:\\Users\\ban60\\Unity\\cAr-drIve -useHub -hubIPC -cloudEnvironment production","communication_protocol_version":"1.5.0","com.unity.ml-agents_version":"2.3.0-exp.4","scene_name":"MultiCarTest","end_time_seconds":"1745550877"}}