{"count":1,"self":323.5355136,"total":23903.0065507,"children":{"InitializeActuators":{"count":4846,"self":0.030018999999999997,"total":0.030018999999999997,"children":null},"InitializeSensors":{"count":4846,"self":0.0310788,"total":0.0310788,"children":null},"AgentSendState":{"count":157384,"self":42.3243808,"total":1167.7120032999999,"children":{"CollectObservations":{"count":30026185,"self":959.86176,"total":959.8617345,"children":null},"WriteActionMask":{"count":30026185,"self":9.2301104,"total":9.2301104,"children":null},"RequestDecision":{"count":30026185,"self":22.6382992,"total":156.29577899999998,"children":{"AgentInfo.ToProto":{"count":30026185,"self":26.089024,"total":133.6574803,"children":{"GenerateSensorData":{"count":30026185,"self":107.5684608,"total":107.56845639999999,"children":null}}}}}}},"DecideAction":{"count":157384,"self":22257.8966528,"total":22257.8966098,"children":null},"AgentAct":{"count":157384,"self":153.6958592,"total":153.6988471,"children":{"AgentInfo.ToProto":{"count":238,"self":0.0019998999999999998,"total":0.0029925999999999998,"children":{"GenerateSensorData":{"count":238,"self":0.0009927,"total":0.0009927,"children":null}}}}},"AgentInfo.ToProto":{"count":9695,"self":0.0250565,"total":0.1004757,"children":{"GenerateSensorData":{"count":9695,"self":0.075419199999999992,"total":0.075419199999999992,"children":null}}}},"gauges":{"CarDrive.CumulativeReward":{"count":8585,"max":223.04747,"min":-530.2584,"runningAverage":-3.66592288,"value":37.2846756,"weightedAverage":15.3446474}},"metadata":{"timer_format_version":"0.1.0","start_time_seconds":"1746032135","unity_version":"2022.3.4f1","command_line_arguments":"C:\\Users\\ban60\\Unity\\cAr-drIve\\App\\cAr-drIve.exe -nographics -batchmode --mlagents-port 5005 -logFile C:\\Users\\ban60\\Unity\\cAr-drIve\\results\\new_test025\\run_logs\\Player-0.log","communication_protocol_version":"1.5.0","com.unity.ml-agents_version":"2.3.0-exp.4","scene_name":"Default Leaning","end_time_seconds":"1746056038"}}